aTiempo: 0,R: 0.00,Posicion: 0.00,Velocidad: 6588397,Voltaje: 2.00
Tiempo: 2,R: 0.00,Posicion: 71.83,Velocidad: 45,Voltaje: 2.00
Tiempo: 67,R: 0.00,Posicion: 74.81,Velocidad: 45,Voltaje: 2.00
Tiempo: 134,R: 0.00,Posicion: 77.87,Velocidad: 46,Voltaje: 2.00
Tiempo: 202,R: 0.00,Posicion: 80.98,Velocidad: 45,Voltaje: 2.00
Tiempo: 269,R: 0.00,Posicion: 84.09,Velocidad: 46,Voltaje: 2.00
Tiempo: 337,R: 0.00,Posicion: 87.20,Velocidad: 45,Voltaje: 2.00
Tiempo: 404,R: 0.00,Posicion: 90.31,Velocidad: 46,Voltaje: 2.00
Tiempo: 472,R: 0.00,Posicion: 93.41,Velocidad: 45,Voltaje: 2.00
Tiempo: 540,R: 0.00,Posicion: 96.52,Velocidad: 46,Voltaje: 2.00
Tiempo: 607,R: 0.00,Posicion: 99.63,Velocidad: 45,Voltaje: 2.00
Tiempo: 675,R: 0.00,Posicion: 102.74,Velocidad: 46,Voltaje: 2.00
Tiempo: 743,R: 0.00,Posicion: 105.90,Velocidad: 45,Voltaje: 2.00
Tiempo: 812,R: 0.00,Posicion: 109.06,Velocidad: 45,Voltaje: 2.00
Tiempo: 881,R: 0.00,Posicion: 112.21,Velocidad: 45,Voltaje: 2.00
Tiempo: 949,R: 0.00,Posicion: 115.37,Velocidad: 46,Voltaje: 2.00
Tiempo: 1018,R: 0.00,Posicion: 118.52,Velocidad: 45,Voltaje: 2.00
Tiempo: 1088,R: 0.00,Posicion: 121.73,Velocidad: 46,Voltaje: 2.00
Tiempo: 1157,R: 0.00,Posicion: 124.94,Velocidad: 45,Voltaje: 2.00
Tiempo: 1227,R: 0.00,Posicion: 128.14,Velocidad: 46,Voltaje: 2.00
Tiempo: 1297,R: 0.00,Posicion: 131.35,Velocidad: 45,Voltaje: 2.00
Tiempo: 1366,R: 0.00,Posicion: 134.55,Velocidad: 46,Voltaje: 2.00
Tiempo: 1436,R: 0.00,Posicion: 137.75,Velocidad: 45,Voltaje: 2.00
Tiempo: 1506,R: 0.00,Posicion: 140.96,Velocidad: 46,Voltaje: 2.00
Tiempo: 1575,R: 0.00,Posicion: 144.16,Velocidad: 45,Voltaje: 2.00
Tiempo: 1645,R: 0.00,Posicion: 147.37,Velocidad: 46,Voltaje: 2.00
Tiempo: 1715,R: 0.00,Posicion: 150.58,Velocidad: 45,Voltaje: 2.00
Tiempo: 1784,R: 0.00,Posicion: 153.78,Velocidad: 46,Voltaje: 2.00
Tiempo: 1854,R: 0.00,Posicion: 156.98,Velocidad: 46,Voltaje: 2.00
Tiempo: 1924,R: 0.00,Posicion: 160.19,Velocidad: 46,Voltaje: 2.00
Tiempo: 1994,R: 0.00,Posicion: 163.39,Velocidad: 46,Voltaje: 2.00
Tiempo: 2063,R: 0.00,Posicion: 166.60,Velocidad: 46,Voltaje: 2.00
Tiempo: 2133,R: 0.00,Posicion: 169.80,Velocidad: 45,Voltaje: 2.00
Tiempo: 2203,R: 0.00,Posicion: 173.01,Velocidad: 45,Voltaje: 2.00
Tiempo: 2272,R: 0.00,Posicion: 176.21,Velocidad: 45,Voltaje: 2.00
Tiempo: 2342,R: 0.00,Posicion: 179.42,Velocidad: 46,Voltaje: 2.00
Tiempo: 2412,R: 0.00,Posicion: 182.62,Velocidad: 46,Voltaje: 2.00
Tiempo: 2481,R: 0.00,Posicion: 185.83,Velocidad: 46,Voltaje: 2.00
Tiempo: 2551,R: 0.00,Posicion: 189.03,Velocidad: 45,Voltaje: 2.00
Tiempo: 2621,R: 0.00,Posicion: 192.24,Velocidad: 45,Voltaje: 2.00
Tiempo: 2690,R: 0.00,Posicion: 195.44,Velocidad: 45,Voltaje: 2.00
Tiempo: 2760,R: 0.00,Posicion: 198.65,Velocidad: 45,Voltaje: 2.00
Tiempo: 2830,R: 0.00,Posicion: 201.85,Velocidad: 46,Voltaje: 2.00
Tiempo: 2899,R: 0.00,Posicion: 205.06,Velocidad: 45,Voltaje: 2.00
Tiempo: 2969,R: 0.00,Posicion: 208.26,Velocidad: 46,Voltaje: 2.00
Tiempo: 3039,R: 0.00,Posicion: 211.47,Velocidad: 45,Voltaje: 2.00
Tiempo: 3108,R: 0.00,Posicion: 214.67,Velocidad: 45,Voltaje: 2.00
Tiempo: 3178,R: 0.00,Posicion: 217.88,Velocidad: 45,Voltaje: 2.00
Tiempo: 3248,R: 0.00,Posicion: 221.08,Velocidad: 46,Voltaje: 2.00
Tiempo: 3317,R: 0.00,Posicion: 224.29,Velocidad: 45,Voltaje: 2.00
Tiempo: 3387,R: 0.00,Posicion: 227.49,Velocidad: 46,Voltaje: 2.00
Tiempo: 3457,R: 0.00,Posicion: 230.70,Velocidad: 45,Voltaje: 2.00
Tiempo: 3526,R: 0.00,Posicion: 233.90,Velocidad: 46,Voltaje: 2.00
Tiempo: 3596,R: 0.00,Posicion: 237.11,Velocidad: 46,Voltaje: 2.00
Tiempo: 3666,R: 0.00,Posicion: 240.31,Velocidad: 46,Voltaje: 2.00
Tiempo: 3736,R: 0.00,Posicion: 243.52,Velocidad: 45,Voltaje: 2.00
Tiempo: 3805,R: 0.00,Posicion: 246.73,Velocidad: 46,Voltaje: 2.00
Tiempo: 3875,R: 0.00,Posicion: 249.93,Velocidad: 45,Voltaje: 2.00
Tiempo: 3945,R: 0.00,Posicion: 253.13,Velocidad: 46,Voltaje: 2.00
Tiempo: 4014,R: 0.00,Posicion: 256.34,Velocidad: 45,Voltaje: 2.00
Tiempo: 4084,R: 0.00,Posicion: 259.55,Velocidad: 46,Voltaje: 2.00
Tiempo: 4154,R: 0.00,Posicion: 262.75,Velocidad: 45,Voltaje: 2.00
Tiempo: 4223,R: 0.00,Posicion: 265.96,Velocidad: 46,Voltaje: 2.00
Tiempo: 4293,R: 0.00,Posicion: 269.16,Velocidad: 45,Voltaje: 2.00
Tiempo: 4363,R: 0.00,Posicion: 272.37,Velocidad: 46,Voltaje: 2.00
Tiempo: 4303,R: 0.00,Posicion: 275.57,Velocidad: 45,Voltaje: 2.00
Tiempo: 4373,R: 0.00,Posicion: 278.78,Velocidad: 46,Voltaje: 2.00
Tiempo: 4443,R: 0.00,Posicion: 281.98,Velocidad: 45,Voltaje: 2.00
Tiempo: 4512,R: 0.00,Posicion: 285.19,Velocidad: 46,Voltaje: 2.00
Tiempo: 4582,R: 0.00,Posicion: 288.39,Velocidad: 45,Voltaje: 2.00
Tiempo: 4652,R: 0.00,Posicion: 291.60,Velocidad: 46,Voltaje: 2.00
Tiempo: 4721,R: 0.00,Posicion: 294.80,Velocidad: 45,Voltaje: 2.00
Tiempo: 4791,R: 0.00,Posicion: 298.01,Velocidad: 46,Voltaje: 2.00
Tiempo: 4861,R: 0.00,Posicion: 301.21,Velocidad: 45,Voltaje: 2.00
Tiempo: 4930,R: 0.00,Posicion: 304.42,Velocidad: 46,Voltaje: 2.00
Tiempo: 5000,R: 0.00,Posicion: 307.62,Velocidad: 46,Voltaje: 2.00
Tiempo: 5070,R: 0.00,Posicion: 310.82,Velocidad: 46,Voltaje: 2.00
Tiempo: 5139,R: 0.00,Posicion: 314.03,Velocidad: 45,Voltaje: 2.00
Tiempo: 5209,R: 0.00,Posicion: 317.24,Velocidad: 46,Voltaje: 2.00
Tiempo: 5279,R: 0.00,Posicion: 320.44,Velocidad: 45,Voltaje: 2.00
Tiempo: 5348,R: 0.00,Posicion: 323.65,Velocidad: 46,Voltaje: 2.00
Tiempo: 5418,R: 0.00,Posicion: 326.85,Velocidad: 46,Voltaje: 2.00
Tiempo: 5488,R: 0.00,Posicion: 330.06,Velocidad: 46,Voltaje: 2.00
Tiempo: 5558,R: 0.00,Posicion: 333.26,Velocidad: 46,Voltaje: 2.00
Tiempo: 5627,R: 0.00,Posicion: 336.47,Velocidad: 45,Voltaje: 2.00
Tiempo: 5697,R: 0.00,Posicion: 339.67,Velocidad: 46,Voltaje: 2.00
Tiempo: 5767,R: 0.00,Posicion: 342.88,Velocidad: 45,Voltaje: 2.00
Tiempo: 5836,R: 0.00,Posicion: 346.08,Velocidad: 45,Voltaje: 2.00
Tiempo: 5906,R: 0.00,Posicion: 349.29,Velocidad: 45,Voltaje: 2.00
Tiempo: 5976,R: 0.00,Posicion: 352.49,Velocidad: 46,Voltaje: 2.00
Tiempo: 6045,R: 0.00,Posicion: 355.70,Velocidad: 45,Voltaje: 2.00
Tiempo: 6115,R: 0.00,Posicion: 358.90,Velocidad: 46,Voltaje: 2.00
Tiempo: 6185,R: 0.00,Posicion: 362.11,Velocidad: 45,Voltaje: 2.00
Tiempo: 6254,R: 0.00,Posicion: 365.31,Velocidad: 45,Voltaje: 2.00
Tiempo: 6324,R: 0.00,Posicion: 368.52,Velocidad: 45,Voltaje: 2.00
Tiempo: 6394,R: 0.00,Posicion: 371.72,Velocidad: 46,Voltaje: 2.00
Tiempo: 6463,R: 0.00,Posicion: 374.93,Velocidad: 45,Voltaje: 2.00
Tiempo: 6533,R: 0.00,Posicion: 378.13,Velocidad: 46,Voltaje: 2.00
Tiempo: 6603,R: 0.00,Posicion: 381.34,Velocidad: 45,Voltaje: 2.00
Tiempo: 6672,R: 0.00,Posicion: 384.54,Velocidad: 46,Voltaje: 2.00
Tiempo: 6742,R: 0.00,Posicion: 387.75,Velocidad: 45,Voltaje: 2.00
Tiempo: 6812,R: 0.00,Posicion: 390.95,Velocidad: 46,Voltaje: 2.00
Tiempo: 6881,R: 0.00,Posicion: 394.16,Velocidad: 46,Voltaje: 2.00
Tiempo: 6951,R: 0.00,Posicion: 397.36,Velocidad: 46,Voltaje: 2.00
Tiempo: 7021,R: 0.00,Posicion: 400.57,Velocidad: 45,Voltaje: 2.00
Tiempo: 7090,R: 0.00,Posicion: 403.77,Velocidad: 46,Voltaje: 2.00
Tiempo: 7160,R: 0.00,Posicion: 406.98,Velocidad: 45,Voltaje: 2.00
Tiempo: 7230,R: 0.00,Posicion: 410.18,Velocidad: 46,Voltaje: 2.00
Tiempo: 7300,R: 0.00,Posicion: 413.39,Velocidad: 45,Voltaje: 2.00
Tiempo: 7369,R: 0.00,Posicion: 416.59,Velocidad: 46,Voltaje: 2.00
Tiempo: 7439,R: 0.00,Posicion: 419.80,Velocidad: 45,Voltaje: 2.00
Tiempo: 7509,R: 0.00,Posicion: 423.00,Velocidad: 46,Voltaje: 2.00
Tiempo: 7578,R: 0.00,Posicion: 426.20,Velocidad: 45,Voltaje: 2.00
Tiempo: 7648,R: 0.00,Posicion: 429.41,Velocidad: 46,Voltaje: 2.00
Tiempo: 7718,R: 0.00,Posicion: 432.62,Velocidad: 45,Voltaje: 2.00
Tiempo: 7787,R: 0.00,Posicion: 435.82,Velocidad: 46,Voltaje: 2.00
Tiempo: 7857,R: 0.00,Posicion: 439.03,Velocidad: 45,Voltaje: 2.00
Tiempo: 7927,R: 0.00,Posicion: 442.23,Velocidad: 46,Voltaje: 2.00
Tiempo: 7996,R: 0.00,Posicion: 445.43,Velocidad: 45,Voltaje: 2.00
Tiempo: 8066,R: 0.00,Posicion: 448.64,Velocidad: 46,Voltaje: 2.00
Tiempo: 8136,R: 0.00,Posicion: 451.85,Velocidad: 45,Voltaje: 2.00
Tiempo: 8205,R: 0.00,Posicion: 455.06,Velocidad: 45,Voltaje: 2.00
Tiempo: 8275,R: 0.00,Posicion: 458.26,Velocidad: 45,Voltaje: 2.00
Tiempo: 8345,R: 0.00,Posicion: 461.46,Velocidad: 46,Voltaje: 2.00
Tiempo: 8414,R: 0.00,Posicion: 464.67,Velocidad: 45,Voltaje: 2.00
Tiempo: 8484,R: 0.00,Posicion: 467.88,Velocidad: 46,Voltaje: 2.00
Tiempo: 8554,R: 0.00,Posicion: 471.08,Velocidad: 45,Voltaje: 2.00
Tiempo: 8623,R: 0.00,Posicion: 474.29,Velocidad: 46,Voltaje: 2.00
Tiempo: 8693,R: 0.00,Posicion: 477.49,Velocidad: 45,Voltaje: 2.00
Tiempo: 8763,R: 0.00,Posicion: 480.70,Velocidad: 46,Voltaje: 2.00
Tiempo: 8832,R: 0.00,Posicion: 483.90,Velocidad: 45,Voltaje: 2.00
Tiempo: 8902,R: 0.00,Posicion: 487.11,Velocidad: 46,Voltaje: 2.00
Tiempo: 8972,R: 0.00,Posicion: 490.31,Velocidad: 46,Voltaje: 2.00
Tiempo: 9042,R: 0.00,Posicion: 493.52,Velocidad: 45,Voltaje: 2.00
Tiempo: 9111,R: 0.00,Posicion: 496.72,Velocidad: 45,Voltaje: 2.00
Tiempo: 9181,R: 0.00,Posicion: 499.93,Velocidad: 45,Voltaje: 2.00
Tiempo: 9251,R: 0.00,Posicion: 503.13,Velocidad: 46,Voltaje: 2.00
Tiempo: 9320,R: 0.00,Posicion: 506.34,Velocidad: 46,Voltaje: 2.00
Tiempo: 9390,R: 0.00,Posicion: 509.55,Velocidad: 46,Voltaje: 2.00
Tiempo: 9460,R: 0.00,Posicion: 512.75,Velocidad: 45,Voltaje: 2.00
Tiempo: 9529,R: 0.00,Posicion: 515.95,Velocidad: 45,Voltaje: 2.00
Tiempo: 9599,R: 0.00,Posicion: 519.17,Velocidad: 45,Voltaje: 2.00
Tiempo: 9669,R: 0.00,Posicion: 522.37,Velocidad: 46,Voltaje: 2.00
Tiempo: 9738,R: 0.00,Posicion: 525.58,Velocidad: 45,Voltaje: 2.00
Tiempo: 9808,R: 0.00,Posicion: 528.78,Velocidad: 46,Voltaje: 2.00
Tiempo: 9878,R: 0.00,Posicion: 531.99,Velocidad: 45,Voltaje: 2.00
Tiempo: 9947,R: 0.00,Posicion: 535.19,Velocidad: 46,Voltaje: 2.00
Tiempo: 10017,R: 0.00,Posicion: 538.40,Velocidad: 45,Voltaje: 2.00
Tiempo: 10088,R: 0.00,Posicion: 541.65,Velocidad: 46,Voltaje: 2.00
Tiempo: 10158,R: 0.00,Posicion: 544.91,Velocidad: 45,Voltaje: 2.00
Tiempo: 10229,R: 0.00,Posicion: 548.16,Velocidad: 46,Voltaje: 2.00
Tiempo: 10300,R: 0.00,Posicion: 551.41,Velocidad: 45,Voltaje: 2.00
Tiempo: 10371,R: 0.00,Posicion: 554.67,Velocidad: 46,Voltaje: 2.00
Tiempo: 10441,R: 0.00,Posicion: 557.92,Velocidad: 45,Voltaje: 2.00
Tiempo: 10512,R: 0.00,Posicion: 561.17,Velocidad: 46,Voltaje: 2.00
Tiempo: 10583,R: 0.00,Posicion: 564.43,Velocidad: 45,Voltaje: 2.00
Tiempo: 10654,R: 0.00,Posicion: 567.68,Velocidad: 46,Voltaje: 2.00
Tiempo: 10724,R: 0.00,Posicion: 570.93,Velocidad: 45,Voltaje: 2.00
Tiempo: 10795,R: 0.00,Posicion: 574.19,Velocidad: 46,Voltaje: 2.00
Tiempo: 10866,R: 0.00,Posicion: 577.44,Velocidad: 46,Voltaje: 2.00
Tiempo: 10936,R: 0.00,Posicion: 580.69,Velocidad: 46,Voltaje: 2.00
Tiempo: 11007,R: 0.00,Posicion: 583.95,Velocidad: 45,Voltaje: 2.00
Tiempo: 11078,R: 0.00,Posicion: 587.20,Velocidad: 46,Voltaje: 2.00
Tiempo: 11149,R: 0.00,Posicion: 590.45,Velocidad: 45,Voltaje: 2.00
Tiempo: 11219,R: 0.00,Posicion: 593.71,Velocidad: 46,Voltaje: 2.00
Tiempo: 11290,R: 0.00,Posicion: 596.96,Velocidad: 45,Voltaje: 2.00
Tiempo: 11361,R: 0.00,Posicion: 600.22,Velocidad: 46,Voltaje: 2.00
Tiempo: 11431,R: 0.00,Posicion: 603.47,Velocidad: 45,Voltaje: 2.00
Tiempo: 11502,R: 0.00,Posicion: 606.73,Velocidad: 45,Voltaje: 2.00
Tiempo: 11573,R: 0.00,Posicion: 609.98,Velocidad: 46,Voltaje: 2.00
Tiempo: 11644,R: 0.00,Posicion: 613.23,Velocidad: 45,Voltaje: 2.00
Tiempo: 11714,R: 0.00,Posicion: 616.48,Velocidad: 45,Voltaje: 2.00
Tiempo: 11785,R: 0.00,Posicion: 619.74,Velocidad: 45,Voltaje: 2.00
Tiempo: 11856,R: 0.00,Posicion: 622.99,Velocidad: 46,Voltaje: 2.00
Tiempo: 11926,R: 0.00,Posicion: 626.25,Velocidad: 45,Voltaje: 2.00
Tiempo: 11997,R: 0.00,Posicion: 629.50,Velocidad: 46,Voltaje: 2.00
Tiempo: 12068,R: 0.00,Posicion: 632.75,Velocidad: 45,Voltaje: 2.00
Tiempo: 12139,R: 0.00,Posicion: 636.00,Velocidad: 45,Voltaje: 2.00
Tiempo: 12209,R: 0.00,Posicion: 639.26,Velocidad: 45,Voltaje: 2.00
Tiempo: 12280,R: 0.00,Posicion: 642.51,Velocidad: 45,Voltaje: 2.00
Tiempo: 12351,R: 0.00,Posicion: 645.77,Velocidad: 45,Voltaje: 2.00
Tiempo: 12422,R: 0.00,Posicion: 649.02,Velocidad: 46,Voltaje: 2.00
Tiempo: 12492,R: 0.00,Posicion: 652.27,Velocidad: 45,Voltaje: 2.00
Tiempo: 12563,R: 0.00,Posicion: 655.53,Velocidad: 46,Voltaje: 2.00
Tiempo: 12634,R: 0.00,Posicion: 658.78,Velocidad: 45,Voltaje: 2.00
Tiempo: 12704,R: 0.00,Posicion: 662.04,Velocidad: 46,Voltaje: 2.00
Tiempo: 12775,R: 0.00,Posicion: 665.29,Velocidad: 45,Voltaje: 2.00
Tiempo: 12846,R: 0.00,Posicion: 668.54,Velocidad: 46,Voltaje: 2.00
Tiempo: 12917,R: 0.00,Posicion: 671.79,Velocidad: 45,Voltaje: 2.00
Tiempo: 12987,R: 0.00,Posicion: 675.05,Velocidad: 46,Voltaje: 2.00
Tiempo: 13058,R: 0.00,Posicion: 678.30,Velocidad: 45,Voltaje: 2.00
Tiempo: 13129,R: 0.00,Posicion: 681.56,Velocidad: 46,Voltaje: 2.00
Tiempo: 13199,R: 0.00,Posicion: 684.81,Velocidad: 45,Voltaje: 2.00
Tiempo: 13270,R: 0.00,Posicion: 688.07,Velocidad: 46,Voltaje: 2.00
Tiempo: 13341,R: 0.00,Posicion: 691.32,Velocidad: 45,Voltaje: 2.00
Tiempo: 13412,R: 0.00,Posicion: 694.57,Velocidad: 46,Voltaje: 2.00
Tiempo: 13482,R: 0.00,Posicion: 697.82,Velocidad: 45,Voltaje: 2.00
Tiempo: 13553,R: 0.00,Posicion: 701.08,Velocidad: 46,Voltaje: 2.00
Tiempo: 13624,R: 0.00,Posicion: 704.33,Velocidad: 46,Voltaje: 2.00
Tiempo: 13694,R: 0.00,Posicion: 707.59,Velocidad: 45,Voltaje: 2.00
Tiempo: 13765,R: 0.00,Posicion: 710.84,Velocidad: 45,Voltaje: 2.00
Tiempo: 13836,R: 0.00,Posicion: 714.10,Velocidad: 45,Voltaje: 2.00
Tiempo: 13907,R: 0.00,Posicion: 717.34,Velocidad: 46,Voltaje: 2.00
Tiempo: 13977,R: 0.00,Posicion: 720.60,Velocidad: 45,Voltaje: 2.00
Tiempo: 14048,R: 0.00,Posicion: 723.85,Velocidad: 46,Voltaje: 2.00
Tiempo: 14119,R: 0.00,Posicion: 727.11,Velocidad: 45,Voltaje: 2.00
Tiempo: 14190,R: 0.00,Posicion: 730.36,Velocidad: 46,Voltaje: 2.00
Tiempo: 14260,R: 0.00,Posicion: 733.61,Velocidad: 45,Voltaje: 2.00
Tiempo: 14331,R: 0.00,Posicion: 736.87,Velocidad: 46,Voltaje: 2.00
Tiempo: 14402,R: 0.00,Posicion: 740.12,Velocidad: 45,Voltaje: 2.00
Tiempo: 14472,R: 0.00,Posicion: 743.37,Velocidad: 46,Voltaje: 2.00
Tiempo: 14543,R: 0.00,Posicion: 746.63,Velocidad: 45,Voltaje: 2.00
Tiempo: 14614,R: 0.00,Posicion: 749.88,Velocidad: 46,Voltaje: 2.00
Tiempo: 14685,R: 0.00,Posicion: 753.14,Velocidad: 45,Voltaje: 2.00
Tiempo: 14755,R: 0.00,Posicion: 756.39,Velocidad: 46,Voltaje: 2.00
Tiempo: 14826,R: 0.00,Posicion: 759.64,Velocidad: 45,Voltaje: 2.00
Tiempo: 14897,R: 0.00,Posicion: 762.90,Velocidad: 45,Voltaje: 2.00
Tiempo: 14967,R: 0.00,Posicion: 766.15,Velocidad: 46,Voltaje: 2.00
Tiempo: 15038,R: 0.00,Posicion: 769.40,Velocidad: 46,Voltaje: 2.00
Tiempo: 15109,R: 0.00,Posicion: 772.65,Velocidad: 45,Voltaje: 2.00
Tiempo: 15180,R: 0.00,Posicion: 775.91,Velocidad: 46,Voltaje: 2.00
Tiempo: 15250,R: 0.00,Posicion: 779.16,Velocidad: 45,Voltaje: 2.00
Tiempo: 15321,R: 0.00,Posicion: 782.42,Velocidad: 46,Voltaje: 2.00
Tiempo: 15392,R: 0.00,Posicion: 785.67,Velocidad: 46,Voltaje: 2.00
Tiempo: 15462,R: 0.00,Posicion: 788.93,Velocidad: 46,Voltaje: 2.00
Tiempo: 15533,R: 0.00,Posicion: 792.18,Velocidad: 45,Voltaje: 2.00
Tiempo: 15604,R: 0.00,Posicion: 795.44,Velocidad: 45,Voltaje: 2.00
Tiempo: 15675,R: 0.00,Posicion: 798.69,Velocidad: 46,Voltaje: 2.00
Tiempo: 15745,R: 0.00,Posicion: 801.94,Velocidad: 45,Voltaje: 2.00
Tiempo: 15816,R: 0.00,Posicion: 805.19,Velocidad: 46,Voltaje: 2.00
Tiempo: 15887,R: 0.00,Posicion: 808.45,Velocidad: 45,Voltaje: 2.00
Tiempo: 15958,R: 0.00,Posicion: 811.70,Velocidad: 46,Voltaje: 2.00
Tiempo: 16028,R: 0.00,Posicion: 814.96,Velocidad: 45,Voltaje: 2.00
Tiempo: 16099,R: 0.00,Posicion: 818.21,Velocidad: 46,Voltaje: 2.00
Tiempo: 16170,R: 0.00,Posicion: 821.46,Velocidad: 45,Voltaje: 2.00
Tiempo: 16240,R: 0.00,Posicion: 824.71,Velocidad: 46,Voltaje: 2.00
Tiempo: 16311,R: 0.00,Posicion: 827.97,Velocidad: 45,Voltaje: 2.00
Tiempo: 16382,R: 0.00,Posicion: 831.22,Velocidad: 46,Voltaje: 2.00
Tiempo: 16453,R: 0.00,Posicion: 834.47,Velocidad: 45,Voltaje: 2.00
Tiempo: 16523,R: 0.00,Posicion: 837.73,Velocidad: 46,Voltaje: 2.00
Tiempo: 16594,R: 0.00,Posicion: 840.98,Velocidad: 45,Voltaje: 2.00
Tiempo: 16665,R: 0.00,Posicion: 844.23,Velocidad: 46,Voltaje: 2.00
Tiempo: 16735,R: 0.00,Posicion: 847.48,Velocidad: 45,Voltaje: 2.00
Tiempo: 16806,R: 0.00,Posicion: 850.74,Velocidad: 46,Voltaje: 2.00
Tiempo: 16877,R: 0.00,Posicion: 853.99,Velocidad: 45,Voltaje: 2.00
Tiempo: 16948,R: 0.00,Posicion: 857.24,Velocidad: 46,Voltaje: 2.00
Tiempo: 17018,R: 0.00,Posicion: 860.49,Velocidad: 46,Voltaje: 2.00
Tiempo: 17089,R: 0.00,Posicion: 863.75,Velocidad: 46,Voltaje: 2.00
Tiempo: 17160,R: 0.00,Posicion: 867.00,Velocidad: 45,Voltaje: 2.00
Tiempo: 17230,R: 0.00,Posicion: 870.26,Velocidad: 46,Voltaje: 2.00
Tiempo: 17301,R: 0.00,Posicion: 873.51,Velocidad: 46,Voltaje: 2.00
Tiempo: 17372,R: 0.00,Posicion: 876.77,Velocidad: 46,Voltaje: 2.00
Tiempo: 17443,R: 0.00,Posicion: 880.01,Velocidad: 46,Voltaje: 2.00
Tiempo: 17513,R: 0.00,Posicion: 883.28,Velocidad: 45,Voltaje: 2.00
Tiempo: 17584,R: 0.00,Posicion: 886.52,Velocidad: 46,Voltaje: 2.00
Tiempo: 17655,R: 0.00,Posicion: 889.78,Velocidad: 45,Voltaje: 2.00
Tiempo: 17726,R: 0.00,Posicion: 893.03,Velocidad: 46,Voltaje: 2.00
Tiempo: 17796,R: 0.00,Posicion: 896.29,Velocidad: 45,Voltaje: 2.00
Tiempo: 17867,R: 0.00,Posicion: 899.54,Velocidad: 45,Voltaje: 2.00
Tiempo: 17938,R: 0.00,Posicion: 902.80,Velocidad: 45,Voltaje: 2.00
Tiempo: 18008,R: 0.00,Posicion: 906.05,Velocidad: 46,Voltaje: 2.00
Tiempo: 18079,R: 0.00,Posicion: 909.30,Velocidad: 45,Voltaje: 2.00
Tiempo: 18150,R: 0.00,Posicion: 912.56,Velocidad: 46,Voltaje: 2.00
Tiempo: 18221,R: 0.00,Posicion: 915.81,Velocidad: 46,Voltaje: 2.00
Tiempo: 18291,R: 0.00,Posicion: 919.06,Velocidad: 46,Voltaje: 2.00
Tiempo: 18362,R: 0.00,Posicion: 922.32,Velocidad: 45,Voltaje: 2.00
Tiempo: 18433,R: 0.00,Posicion: 925.57,Velocidad: 46,Voltaje: 2.00
Tiempo: 18503,R: 0.00,Posicion: 928.82,Velocidad: 45,Voltaje: 2.00
Tiempo: 18574,R: 0.00,Posicion: 932.08,Velocidad: 46,Voltaje: 2.00
Tiempo: 18645,R: 0.00,Posicion: 935.33,Velocidad: 46,Voltaje: 2.00
Tiempo: 18716,R: 0.00,Posicion: 938.58,Velocidad: 46,Voltaje: 2.00
Tiempo: 18786,R: 0.00,Posicion: 941.84,Velocidad: 45,Voltaje: 2.00
Tiempo: 18857,R: 0.00,Posicion: 945.09,Velocidad: 46,Voltaje: 2.00
Tiempo: 18928,R: 0.00,Posicion: 948.34,Velocidad: 45,Voltaje: 2.00
Tiempo: 18998,R: 0.00,Posicion: 951.60,Velocidad: 46,Voltaje: 2.00
Tiempo: 19069,R: 0.00,Posicion: 954.85,Velocidad: 45,Voltaje: 2.00
Tiempo: 19140,R: 0.00,Posicion: 958.11,Velocidad: 46,Voltaje: 2.00
Tiempo: 19211,R: 0.00,Posicion: 961.36,Velocidad: 46,Voltaje: 2.00
Tiempo: 19281,R: 0.00,Posicion: 964.62,Velocidad: 46,Voltaje: 2.00
Tiempo: 19352,R: 0.00,Posicion: 967.87,Velocidad: 46,Voltaje: 2.00
Tiempo: 19423,R: 0.00,Posicion: 971.12,Velocidad: 46,Voltaje: 2.00
Tiempo: 19494,R: 0.00,Posicion: 974.37,Velocidad: 46,Voltaje: 2.00
Tiempo: 19564,R: 0.00,Posicion: 977.63,Velocidad: 45,Voltaje: 2.00
Tiempo: 19635,R: 0.00,Posicion: 980.88,Velocidad: 46,Voltaje: 2.00
Tiempo: 19706,R: 0.00,Posicion: 984.14,Velocidad: 45,Voltaje: 2.00
Tiempo: 19776,R: 0.00,Posicion: 987.39,Velocidad: 46,Voltaje: 2.00
Tiempo: 19847,R: 0.00,Posicion: 990.65,Velocidad: 45,Voltaje: 2.00
Tiempo: 19918,R: 0.00,Posicion: 993.90,Velocidad: 46,Voltaje: 2.00
Tiempo: 19989,R: 0.00,Posicion: 997.16,Velocidad: 45,Voltaje: 2.00
Tiempo: 20059,R: 0.00,Posicion: 1000.40,Velocidad: 46,Voltaje: 2.00
Tiempo: 20131,R: 0.00,Posicion: 1003.71,Velocidad: 45,Voltaje: 2.00
Tiempo: 20203,R: 0.00,Posicion: 1007.01,Velocidad: 45,Voltaje: 2.00
Tiempo: 20275,R: 0.00,Posicion: 1010.31,Velocidad: 45,Voltaje: 2.00
Tiempo: 20346,R: 0.00,Posicion: 1013.61,Velocidad: 46,Voltaje: 2.00
Tiempo: 20418,R: 0.00,Posicion: 1016.92,Velocidad: 45,Voltaje: 2.00
Tiempo: 20490,R: 0.00,Posicion: 1020.22,Velocidad: 46,Voltaje: 2.00
Tiempo: 20562,R: 0.00,Posicion: 1023.52,Velocidad: 45,Voltaje: 2.00
Tiempo: 20633,R: 0.00,Posicion: 1026.82,Velocidad: 46,Voltaje: 2.00
Tiempo: 20705,R: 0.00,Posicion: 1030.12,Velocidad: 45,Voltaje: 2.00
Tiempo: 20777,R: 0.00,Posicion: 1033.43,Velocidad: 46,Voltaje: 2.00
Tiempo: 20849,R: 0.00,Posicion: 1036.73,Velocidad: 45,Voltaje: 2.00
Tiempo: 20920,R: 0.00,Posicion: 1040.03,Velocidad: 46,Voltaje: 2.00
Tiempo: 20992,R: 0.00,Posicion: 1043.33,Velocidad: 45,Voltaje: 2.00
Tiempo: 21064,R: 0.00,Posicion: 1046.64,Velocidad: 45,Voltaje: 2.00
Tiempo: 21136,R: 0.00,Posicion: 1049.93,Velocidad: 46,Voltaje: 2.00
Tiempo: 21207,R: 0.00,Posicion: 1053.23,Velocidad: 45,Voltaje: 2.00
Tiempo: 21279,R: 0.00,Posicion: 1056.53,Velocidad: 46,Voltaje: 2.00
Tiempo: 21351,R: 0.00,Posicion: 1059.84,Velocidad: 45,Voltaje: 2.00
Tiempo: 21423,R: 0.00,Posicion: 1063.13,Velocidad: 46,Voltaje: 2.00
Tiempo: 21494,R: 0.00,Posicion: 1066.44,Velocidad: 45,Voltaje: 2.00
Tiempo: 21566,R: 0.00,Posicion: 1069.74,Velocidad: 45,Voltaje: 2.00
Tiempo: 21638,R: 0.00,Posicion: 1073.04,Velocidad: 45,Voltaje: 2.00
Tiempo: 21710,R: 0.00,Posicion: 1076.34,Velocidad: 46,Voltaje: 2.00
Tiempo: 21782,R: 0.00,Posicion: 1079.64,Velocidad: 45,Voltaje: 2.00
Tiempo: 21853,R: 0.00,Posicion: 1082.94,Velocidad: 46,Voltaje: 2.00
Tiempo: 21925,R: 0.00,Posicion: 1086.25,Velocidad: 45,Voltaje: 2.00
Tiempo: 21997,R: 0.00,Posicion: 1089.55,Velocidad: 46,Voltaje: 2.00
Tiempo: 22069,R: 0.00,Posicion: 1092.85,Velocidad: 45,Voltaje: 2.00
Tiempo: 22140,R: 0.00,Posicion: 1096.16,Velocidad: 46,Voltaje: 2.00
Tiempo: 22212,R: 0.00,Posicion: 1099.45,Velocidad: 46,Voltaje: 2.00
Tiempo: 22284,R: 0.00,Posicion: 1102.76,Velocidad: 46,Voltaje: 2.00
Tiempo: 22356,R: 0.00,Posicion: 1106.05,Velocidad: 46,Voltaje: 2.00
Tiempo: 22427,R: 0.00,Posicion: 1109.36,Velocidad: 46,Voltaje: 2.00
Tiempo: 22499,R: 0.00,Posicion: 1112.66,Velocidad: 45,Voltaje: 2.00
Tiempo: 22571,R: 0.00,Posicion: 1115.96,Velocidad: 45,Voltaje: 2.00
Tiempo: 22643,R: 0.00,Posicion: 1119.26,Velocidad: 46,Voltaje: 2.00
Tiempo: 22714,R: 0.00,Posicion: 1122.56,Velocidad: 45,Voltaje: 2.00
Tiempo: 22786,R: 0.00,Posicion: 1125.86,Velocidad: 46,Voltaje: 2.00
Tiempo: 22858,R: 0.00,Posicion: 1129.17,Velocidad: 45,Voltaje: 2.00
Tiempo: 22930,R: 0.00,Posicion: 1132.47,Velocidad: 46,Voltaje: 2.00
Tiempo: 23001,R: 0.00,Posicion: 1135.77,Velocidad: 45,Voltaje: 2.00
Tiempo: 23073,R: 0.00,Posicion: 1139.07,Velocidad: 46,Voltaje: 2.00
Tiempo: 23145,R: 0.00,Posicion: 1142.37,Velocidad: 45,Voltaje: 2.00
Tiempo: 23217,R: 0.00,Posicion: 1145.68,Velocidad: 46,Voltaje: 2.00
Tiempo: 23288,R: 0.00,Posicion: 1148.97,Velocidad: 45,Voltaje: 2.00
Tiempo: 23360,R: 0.00,Posicion: 1152.28,Velocidad: 46,Voltaje: 2.00
Tiempo: 23432,R: 0.00,Posicion: 1155.58,Velocidad: 45,Voltaje: 2.00
Tiempo: 23504,R: 0.00,Posicion: 1158.88,Velocidad: 46,Voltaje: 2.00
Tiempo: 23576,R: 0.00,Posicion: 1162.18,Velocidad: 45,Voltaje: 2.00
Tiempo: 23647,R: 0.00,Posicion: 1165.48,Velocidad: 46,Voltaje: 2.00
Tiempo: 23719,R: 0.00,Posicion: 1168.78,Velocidad: 46,Voltaje: 2.00
Tiempo: 23791,R: 0.00,Posicion: 1172.09,Velocidad: 46,Voltaje: 2.00
Tiempo: 23863,R: 0.00,Posicion: 1175.38,Velocidad: 45,Voltaje: 2.00
Tiempo: 23934,R: 0.00,Posicion: 1178.69,Velocidad: 45,Voltaje: 2.00
Tiempo: 24006,R: 0.00,Posicion: 1181.98,Velocidad: 46,Voltaje: 2.00
Tiempo: 24078,R: 0.00,Posicion: 1185.29,Velocidad: 45,Voltaje: 2.00
Tiempo: 24150,R: 0.00,Posicion: 1188.59,Velocidad: 46,Voltaje: 2.00
Tiempo: 24221,R: 0.00,Posicion: 1191.89,Velocidad: 46,Voltaje: 2.00
Tiempo: 24293,R: 0.00,Posicion: 1195.19,Velocidad: 46,Voltaje: 2.00
Tiempo: 24365,R: 0.00,Posicion: 1198.49,Velocidad: 45,Voltaje: 2.00
Tiempo: 24437,R: 0.00,Posicion: 1201.79,Velocidad: 46,Voltaje: 2.00
Tiempo: 24508,R: 0.00,Posicion: 1205.10,Velocidad: 45,Voltaje: 2.00
Tiempo: 24580,R: 0.00,Posicion: 1208.40,Velocidad: 46,Voltaje: 2.00
Tiempo: 24652,R: 0.00,Posicion: 1211.70,Velocidad: 45,Voltaje: 2.00
Tiempo: 24724,R: 0.00,Posicion: 1215.00,Velocidad: 46,Voltaje: 2.00
Tiempo: 24795,R: 0.00,Posicion: 1218.30,Velocidad: 45,Voltaje: 2.00
Tiempo: 24867,R: 0.00,Posicion: 1221.61,Velocidad: 45,Voltaje: 2.00
Tiempo: 24939,R: 0.00,Posicion: 1224.91,Velocidad: 45,Voltaje: 2.00
Tiempo: 25011,R: 0.00,Posicion: 1228.21,Velocidad: 46,Voltaje: 2.00
Tiempo: 25082,R: 0.00,Posicion: 1231.51,Velocidad: 45,Voltaje: 2.00
Tiempo: 25154,R: 0.00,Posicion: 1234.81,Velocidad: 46,Voltaje: 2.00
Tiempo: 25226,R: 0.00,Posicion: 1238.11,Velocidad: 46,Voltaje: 2.00
Tiempo: 25298,R: 0.00,Posicion: 1241.42,Velocidad: 45,Voltaje: 2.00
Tiempo: 25370,R: 0.00,Posicion: 1244.71,Velocidad: 45,Voltaje: 2.00
Tiempo: 25441,R: 0.00,Posicion: 1248.02,Velocidad: 45,Voltaje: 2.00
Tiempo: 25513,R: 0.00,Posicion: 1251.32,Velocidad: 46,Voltaje: 2.00
Tiempo: 25585,R: 0.00,Posicion: 1254.62,Velocidad: 45,Voltaje: 2.00
Tiempo: 25657,R: 0.00,Posicion: 1257.92,Velocidad: 46,Voltaje: 2.00
Tiempo: 25728,R: 0.00,Posicion: 1261.23,Velocidad: 45,Voltaje: 2.00
Tiempo: 25800,R: 0.00,Posicion: 1264.53,Velocidad: 46,Voltaje: 2.00
Tiempo: 25872,R: 0.00,Posicion: 1267.83,Velocidad: 45,Voltaje: 2.00
Tiempo: 25944,R: 0.00,Posicion: 1271.13,Velocidad: 46,Voltaje: 2.00
Tiempo: 26015,R: 0.00,Posicion: 1274.43,Velocidad: 45,Voltaje: 2.00
Tiempo: 26087,R: 0.00,Posicion: 1277.74,Velocidad: 46,Voltaje: 2.00
Tiempo: 26159,R: 0.00,Posicion: 1281.04,Velocidad: 45,Voltaje: 2.00
Tiempo: 26231,R: 0.00,Posicion: 1284.34,Velocidad: 46,Voltaje: 2.00
Tiempo: 26302,R: 0.00,Posicion: 1287.64,Velocidad: 45,Voltaje: 2.00
Tiempo: 26374,R: 0.00,Posicion: 1290.95,Velocidad: 46,Voltaje: 2.00
Tiempo: 26446,R: 0.00,Posicion: 1294.24,Velocidad: 46,Voltaje: 2.00
Tiempo: 26518,R: 0.00,Posicion: 1297.55,Velocidad: 46,Voltaje: 2.00
Tiempo: 26589,R: 0.00,Posicion: 1300.85,Velocidad: 46,Voltaje: 2.00
Tiempo: 26661,R: 0.00,Posicion: 1304.15,Velocidad: 45,Voltaje: 2.00
Tiempo: 26733,R: 0.00,Posicion: 1307.45,Velocidad: 46,Voltaje: 2.00
Tiempo: 26805,R: 0.00,Posicion: 1310.76,Velocidad: 45,Voltaje: 2.00
Tiempo: 26876,R: 0.00,Posicion: 1314.05,Velocidad: 46,Voltaje: 2.00
Tiempo: 26948,R: 0.00,Posicion: 1317.36,Velocidad: 45,Voltaje: 2.00
Tiempo: 27020,R: 0.00,Posicion: 1320.66,Velocidad: 46,Voltaje: 2.00
Tiempo: 27092,R: 0.00,Posicion: 1323.96,Velocidad: 45,Voltaje: 2.00
Tiempo: 27164,R: 0.00,Posicion: 1327.26,Velocidad: 46,Voltaje: 2.00
Tiempo: 27235,R: 0.00,Posicion: 1330.56,Velocidad: 45,Voltaje: 2.00
Tiempo: 27307,R: 0.00,Posicion: 1333.86,Velocidad: 46,Voltaje: 2.00
Tiempo: 27379,R: 0.00,Posicion: 1337.16,Velocidad: 45,Voltaje: 2.00
Tiempo: 27451,R: 0.00,Posicion: 1340.47,Velocidad: 46,Voltaje: 2.00
Tiempo: 27522,R: 0.00,Posicion: 1343.77,Velocidad: 45,Voltaje: 2.00
Tiempo: 27594,R: 0.00,Posicion: 1347.07,Velocidad: 46,Voltaje: 2.00
Tiempo: 27666,R: 0.00,Posicion: 1350.37,Velocidad: 45,Voltaje: 2.00
Tiempo: 27738,R: 0.00,Posicion: 1353.68,Velocidad: 46,Voltaje: 2.00
Tiempo: 27809,R: 0.00,Posicion: 1356.97,Velocidad: 45,Voltaje: 2.00
Tiempo: 27881,R: 0.00,Posicion: 1360.28,Velocidad: 46,Voltaje: 2.00
Tiempo: 27953,R: 0.00,Posicion: 1363.58,Velocidad: 45,Voltaje: 2.00
Tiempo: 28025,R: 0.00,Posicion: 1366.88,Velocidad: 45,Voltaje: 2.00
Tiempo: 28096,R: 0.00,Posicion: 1370.18,Velocidad: 46,Voltaje: 2.00
Tiempo: 28168,R: 0.00,Posicion: 1373.49,Velocidad: 45,Voltaje: 2.00
Tiempo: 28240,R: 0.00,Posicion: 1376.79,Velocidad: 45,Voltaje: 2.00
Tiempo: 28312,R: 0.00,Posicion: 1380.09,Velocidad: 45,Voltaje: 2.00
Tiempo: 28383,R: 0.00,Posicion: 1383.39,Velocidad: 46,Voltaje: 2.00
Tiempo: 28455,R: 0.00,Posicion: 1386.69,Velocidad: 45,Voltaje: 2.00
Tiempo: 28527,R: 0.00,Posicion: 1390.00,Velocidad: 45,Voltaje: 2.00
Tiempo: 28599,R: 0.00,Posicion: 1393.30,Velocidad: 46,Voltaje: 2.00
Tiempo: 28670,R: 0.00,Posicion: 1396.60,Velocidad: 46,Voltaje: 2.00
Tiempo: 28742,R: 0.00,Posicion: 1399.90,Velocidad: 45,Voltaje: 2.00
Tiempo: 28814,R: 0.00,Posicion: 1403.20,Velocidad: 46,Voltaje: 2.00
Tiempo: 28886,R: 0.00,Posicion: 1406.50,Velocidad: 45,Voltaje: 2.00
Tiempo: 28958,R: 0.00,Posicion: 1409.81,Velocidad: 46,Voltaje: 2.00
Tiempo: 29029,R: 0.00,Posicion: 1413.10,Velocidad: 46,Voltaje: 2.00
Tiempo: 29101,R: 0.00,Posicion: 1416.41,Velocidad: 46,Voltaje: 2.00
Tiempo: 29173,R: 0.00,Posicion: 1419.71,Velocidad: 46,Voltaje: 2.00
Tiempo: 29245,R: 0.00,Posicion: 1423.01,Velocidad: 46,Voltaje: 2.00
Tiempo: 29316,R: 0.00,Posicion: 1426.31,Velocidad: 45,Voltaje: 2.00
Tiempo: 29388,R: 0.00,Posicion: 1429.61,Velocidad: 46,Voltaje: 2.00
Tiempo: 29460,R: 0.00,Posicion: 1432.91,Velocidad: 45,Voltaje: 2.00
Tiempo: 29532,R: 0.00,Posicion: 1436.22,Velocidad: 46,Voltaje: 2.00
Tiempo: 29603,R: 0.00,Posicion: 1439.51,Velocidad: 45,Voltaje: 2.00
Tiempo: 29675,R: 0.00,Posicion: 1442.82,Velocidad: 45,Voltaje: 2.00
Tiempo: 29747,R: 0.00,Posicion: 1446.12,Velocidad: 46,Voltaje: 2.00
Tiempo: 29819,R: 0.00,Posicion: 1449.42,Velocidad: 45,Voltaje: 2.00
Tiempo: 29890,R: 0.00,Posicion: 1452.72,Velocidad: 46,Voltaje: 2.00
Tiempo: 29962,R: 0.00,Posicion: 1456.02,Velocidad: 45,Voltaje: 2.00
Tiempo: 30034,R: 0.00,Posicion: 1459.32,Velocidad: 45,Voltaje: 2.00
Tiempo: 30106,R: 0.00,Posicion: 1462.62,Velocidad: 45,Voltaje: 2.00
Tiempo: 30177,R: 0.00,Posicion: 1465.92,Velocidad: 46,Voltaje: 2.00
Tiempo: 30249,R: 0.00,Posicion: 1469.23,Velocidad: 45,Voltaje: 2.00
Tiempo: 30321,R: 0.00,Posicion: 1472.53,Velocidad: 46,Voltaje: 2.00
Tiempo: 30393,R: 0.00,Posicion: 1475.83,Velocidad: 45,Voltaje: 2.00
Tiempo: 30464,R: 0.00,Posicion: 1479.13,Velocidad: 46,Voltaje: 2.00
Tiempo: 30536,R: 0.00,Posicion: 1482.43,Velocidad: 45,Voltaje: 2.00
Tiempo: 30608,R: 0.00,Posicion: 1485.73,Velocidad: 46,Voltaje: 2.00
Tiempo: 30680,R: 0.00,Posicion: 1489.03,Velocidad: 46,Voltaje: 2.00
Tiempo: 30752,R: 0.00,Posicion: 1492.33,Velocidad: 46,Voltaje: 2.00
Tiempo: 30823,R: 0.00,Posicion: 1495.63,Velocidad: 45,Voltaje: 2.00
Tiempo: 30895,R: 0.00,Posicion: 1498.94,Velocidad: 45,Voltaje: 2.00
Tiempo: 30967,R: 0.00,Posicion: 1502.23,Velocidad: 46,Voltaje: 2.00
Tiempo: 31039,R: 0.00,Posicion: 1505.54,Velocidad: 46,Voltaje: 2.00
Tiempo: 31110,R: 0.00,Posicion: 1508.84,Velocidad: 46,Voltaje: 2.00
Tiempo: 31182,R: 0.00,Posicion: 1512.14,Velocidad: 45,Voltaje: 2.00
Tiempo: 31254,R: 0.00,Posicion: 1515.44,Velocidad: 46,Voltaje: 2.00
Tiempo: 31326,R: 0.00,Posicion: 1518.75,Velocidad: 45,Voltaje: 2.00
Tiempo: 31397,R: 0.00,Posicion: 1522.04,Velocidad: 46,Voltaje: 2.00
Tiempo: 31469,R: 0.00,Posicion: 1525.35,Velocidad: 46,Voltaje: 2.00
Tiempo: 31541,R: 0.00,Posicion: 1528.65,Velocidad: 46,Voltaje: 2.00
Tiempo: 31613,R: 0.00,Posicion: 1531.95,Velocidad: 45,Voltaje: 2.00
Tiempo: 31684,R: 0.00,Posicion: 1535.25,Velocidad: 46,Voltaje: 2.00
Tiempo: 31756,R: 0.00,Posicion: 1538.55,Velocidad: 46,Voltaje: 2.00
Tiempo: 31828,R: 0.00,Posicion: 1541.86,Velocidad: 46,Voltaje: 2.00
Tiempo: 31900,R: 0.00,Posicion: 1545.15,Velocidad: 45,Voltaje: 2.00
Tiempo: 31971,R: 0.00,Posicion: 1548.46,Velocidad: 46,Voltaje: 2.00
Tiempo: 32043,R: 0.00,Posicion: 1551.76,Velocidad: 45,Voltaje: 2.00
Tiempo: 32115,R: 0.00,Posicion: 1555.06,Velocidad: 46,Voltaje: 2.00
Tiempo: 32187,R: 0.00,Posicion: 1558.36,Velocidad: 45,Voltaje: 2.00
Tiempo: 32258,R: 0.00,Posicion: 1561.67,Velocidad: 45,Voltaje: 2.00
Tiempo: 32330,R: 0.00,Posicion: 1564.96,Velocidad: 46,Voltaje: 2.00
Tiempo: 32402,R: 0.00,Posicion: 1568.27,Velocidad: 45,Voltaje: 2.00
Tiempo: 32474,R: 0.00,Posicion: 1571.57,Velocidad: 45,Voltaje: 2.00
Tiempo: 32546,R: 0.00,Posicion: 1574.87,Velocidad: 45,Voltaje: 2.00
Tiempo: 32617,R: 0.00,Posicion: 1578.17,Velocidad: 46,Voltaje: 2.00
Tiempo: 32689,R: 0.00,Posicion: 1581.48,Velocidad: 45,Voltaje: 2.00
Tiempo: 32761,R: 0.00,Posicion: 1584.77,Velocidad: 45,Voltaje: 2.00
Tiempo: 32833,R: 0.00,Posicion: 1588.08,Velocidad: 45,Voltaje: 2.00
Tiempo: 32904,R: 0.00,Posicion: 1591.38,Velocidad: 46,Voltaje: 2.00
Tiempo: 32976,R: 0.00,Posicion: 1594.68,Velocidad: 45,Voltaje: 2.00
Tiempo: 33048,R: 0.00,Posicion: 1597.98,Velocidad: 46,Voltaje: 2.00
Tiempo: 33120,R: 0.00,Posicion: 1601.28,Velocidad: 45,Voltaje: 2.00
Tiempo: 33191,R: 0.00,Posicion: 1604.59,Velocidad: 46,Voltaje: 2.00
Tiempo: 33263,R: 0.00,Posicion: 1607.89,Velocidad: 45,Voltaje: 2.00
Tiempo: 33335,R: 0.00,Posicion: 1611.19,Velocidad: 46,Voltaje: 2.00
Tiempo: 33407,R: 0.00,Posicion: 1614.49,Velocidad: 45,Voltaje: 2.00
Tiempo: 33478,R: 0.00,Posicion: 1617.79,Velocidad: 46,Voltaje: 2.00
Tiempo: 33550,R: 0.00,Posicion: 1621.09,Velocidad: 46,Voltaje: 2.00
Tiempo: 33622,R: 0.00,Posicion: 1624.40,Velocidad: 46,Voltaje: 2.00
Tiempo: 33694,R: 0.00,Posicion: 1627.69,Velocidad: 45,Voltaje: 2.00
Tiempo: 33765,R: 0.00,Posicion: 1631.00,Velocidad: 46,Voltaje: 2.00
Tiempo: 33837,R: 0.00,Posicion: 1634.30,Velocidad: 46,Voltaje: 2.00
Tiempo: 33909,R: 0.00,Posicion: 1637.60,Velocidad: 45,Voltaje: 2.00
Tiempo: 33981,R: 0.00,Posicion: 1640.90,Velocidad: 46,Voltaje: 2.00
Tiempo: 34052,R: 0.00,Posicion: 1644.21,Velocidad: 45,Voltaje: 2.00
Tiempo: 34124,R: 0.00,Posicion: 1647.51,Velocidad: 46,Voltaje: 2.00
Tiempo: 34196,R: 0.00,Posicion: 1650.81,Velocidad: 45,Voltaje: 2.00
Tiempo: 34268,R: 0.00,Posicion: 1654.11,Velocidad: 45,Voltaje: 2.00
Tiempo: 34340,R: 0.00,Posicion: 1657.41,Velocidad: 45,Voltaje: 2.00
Tiempo: 34411,R: 0.00,Posicion: 1660.71,Velocidad: 46,Voltaje: 2.00
Tiempo: 34483,R: 0.00,Posicion: 1664.01,Velocidad: 45,Voltaje: 2.00
Tiempo: 34555,R: 0.00,Posicion: 1667.31,Velocidad: 46,Voltaje: 2.00
Tiempo: 34627,R: 0.00,Posicion: 1670.61,Velocidad: 45,Voltaje: 2.00
Tiempo: 34698,R: 0.00,Posicion: 1673.92,Velocidad: 46,Voltaje: 2.00
Tiempo: 34770,R: 0.00,Posicion: 1677.21,Velocidad: 46,Voltaje: 2.00
Tiempo: 34842,R: 0.00,Posicion: 1680.52,Velocidad: 46,Voltaje: 2.00
Tiempo: 34914,R: 0.00,Posicion: 1683.82,Velocidad: 45,Voltaje: 2.00
Tiempo: 34985,R: 0.00,Posicion: 1687.12,Velocidad: 46,Voltaje: 2.00
Tiempo: 35057,R: 0.00,Posicion: 1690.42,Velocidad: 45,Voltaje: 2.00
Tiempo: 35129,R: 0.00,Posicion: 1693.73,Velocidad: 45,Voltaje: 2.00
Tiempo: 35201,R: 0.00,Posicion: 1697.02,Velocidad: 46,Voltaje: 2.00
Tiempo: 35272,R: 0.00,Posicion: 1700.33,Velocidad: 45,Voltaje: 2.00
Tiempo: 35344,R: 0.00,Posicion: 1703.63,Velocidad: 45,Voltaje: 2.00
Tiempo: 35416,R: 0.00,Posicion: 1706.93,Velocidad: 45,Voltaje: 2.00
Tiempo: 35488,R: 0.00,Posicion: 1710.23,Velocidad: 46,Voltaje: 2.00
Tiempo: 35559,R: 0.00,Posicion: 1713.54,Velocidad: 45,Voltaje: 2.00
Tiempo: 35631,R: 0.00,Posicion: 1716.83,Velocidad: 46,Voltaje: 2.00
Tiempo: 35703,R: 0.00,Posicion: 1720.14,Velocidad: 45,Voltaje: 2.00
Tiempo: 35775,R: 0.00,Posicion: 1723.44,Velocidad: 46,Voltaje: 2.00
Tiempo: 35846,R: 0.00,Posicion: 1726.74,Velocidad: 45,Voltaje: 2.00
Tiempo: 35918,R: 0.00,Posicion: 1730.04,Velocidad: 46,Voltaje: 2.00
Tiempo: 35990,R: 0.00,Posicion: 1733.34,Velocidad: 45,Voltaje: 2.00
Tiempo: 36062,R: 0.00,Posicion: 1736.65,Velocidad: 46,Voltaje: 2.00
Tiempo: 36134,R: 0.00,Posicion: 1739.95,Velocidad: 45,Voltaje: 2.00
Tiempo: 36205,R: 0.00,Posicion: 1743.25,Velocidad: 46,Voltaje: 2.00
Tiempo: 36277,R: 0.00,Posicion: 1746.55,Velocidad: 45,Voltaje: 2.00
Tiempo: 36349,R: 0.00,Posicion: 1749.85,Velocidad: 46,Voltaje: 2.00
Tiempo: 36421,R: 0.00,Posicion: 1753.15,Velocidad: 46,Voltaje: 2.00
Tiempo: 36492,R: 0.00,Posicion: 1756.45,Velocidad: 46,Voltaje: 2.00
Tiempo: 36564,R: 0.00,Posicion: 1759.75,Velocidad: 45,Voltaje: 2.00
Tiempo: 36636,R: 0.00,Posicion: 1763.06,Velocidad: 45,Voltaje: 2.00
Tiempo: 36708,R: 0.00,Posicion: 1766.35,Velocidad: 46,Voltaje: 2.00
Tiempo: 36779,R: 0.00,Posicion: 1769.66,Velocidad: 45,Voltaje: 2.00
Tiempo: 36851,R: 0.00,Posicion: 1772.96,Velocidad: 46,Voltaje: 2.00
Tiempo: 36923,R: 0.00,Posicion: 1776.26,Velocidad: 46,Voltaje: 2.00
Tiempo: 36995,R: 0.00,Posicion: 1779.56,Velocidad: 46,Voltaje: 2.00
Tiempo: 37066,R: 0.00,Posicion: 1782.86,Velocidad: 45,Voltaje: 2.00
Tiempo: 37138,R: 0.00,Posicion: 1786.16,Velocidad: 46,Voltaje: 2.00
Tiempo: 37210,R: 0.00,Posicion: 1789.47,Velocidad: 45,Voltaje: 2.00
Tiempo: 37282,R: 0.00,Posicion: 1792.77,Velocidad: 46,Voltaje: 2.00
Tiempo: 37353,R: 0.00,Posicion: 1796.07,Velocidad: 45,Voltaje: 2.00
Tiempo: 37425,R: 0.00,Posicion: 1799.37,Velocidad: 46,Voltaje: 2.00
Tiempo: 37497,R: 0.00,Posicion: 1802.67,Velocidad: 45,Voltaje: 2.00
Tiempo: 37569,R: 0.00,Posicion: 1805.97,Velocidad: 46,Voltaje: 2.00
Tiempo: 37640,R: 0.00,Posicion: 1809.27,Velocidad: 45,Voltaje: 2.00
Tiempo: 37712,R: 0.00,Posicion: 1812.58,Velocidad: 46,Voltaje: 2.00
Tiempo: 37784,R: 0.00,Posicion: 1815.87,Velocidad: 46,Voltaje: 2.00
Tiempo: 37856,R: 0.00,Posicion: 1819.18,Velocidad: 46,Voltaje: 2.00
Tiempo: 37928,R: 0.00,Posicion: 1822.47,Velocidad: 45,Voltaje: 2.00
Tiempo: 37999,R: 0.00,Posicion: 1825.78,Velocidad: 46,Voltaje: 2.00
Tiempo: 38071,R: 0.00,Posicion: 1829.08,Velocidad: 46,Voltaje: 2.00
Tiempo: 38143,R: 0.00,Posicion: 1832.38,Velocidad: 45,Voltaje: 2.00
Tiempo: 38215,R: 0.00,Posicion: 1835.68,Velocidad: 46,Voltaje: 2.00
Tiempo: 38286,R: 0.00,Posicion: 1838.98,Velocidad: 45,Voltaje: 2.00
Tiempo: 38358,R: 0.00,Posicion: 1842.28,Velocidad: 46,Voltaje: 2.00
Tiempo: 38430,R: 0.00,Posicion: 1845.58,Velocidad: 45,Voltaje: 2.00
Tiempo: 38502,R: 0.00,Posicion: 1848.88,Velocidad: 45,Voltaje: 2.00
Tiempo: 38573,R: 0.00,Posicion: 1852.18,Velocidad: 45,Voltaje: 2.00
Tiempo: 38645,R: 0.00,Posicion: 1855.48,Velocidad: 46,Voltaje: 2.00
Tiempo: 38717,R: 0.00,Posicion: 1858.78,Velocidad: 45,Voltaje: 2.00
Tiempo: 38789,R: 0.00,Posicion: 1862.08,Velocidad: 46,Voltaje: 2.00
Tiempo: 38860,R: 0.00,Posicion: 1865.39,Velocidad: 45,Voltaje: 2.00
Tiempo: 38932,R: 0.00,Posicion: 1868.69,Velocidad: 46,Voltaje: 2.00
Tiempo: 39004,R: 0.00,Posicion: 1871.98,Velocidad: 45,Voltaje: 2.00
Tiempo: 39076,R: 0.00,Posicion: 1875.29,Velocidad: 46,Voltaje: 2.00
Tiempo: 39147,R: 0.00,Posicion: 1878.59,Velocidad: 46,Voltaje: 2.00
Tiempo: 39219,R: 0.00,Posicion: 1881.89,Velocidad: 46,Voltaje: 2.00
Tiempo: 39291,R: 0.00,Posicion: 1885.19,Velocidad: 45,Voltaje: 2.00
Tiempo: 39363,R: 0.00,Posicion: 1888.49,Velocidad: 45,Voltaje: 2.00
Tiempo: 39434,R: 0.00,Posicion: 1891.79,Velocidad: 46,Voltaje: 2.00
Tiempo: 39506,R: 0.00,Posicion: 1895.10,Velocidad: 46,Voltaje: 2.00
Tiempo: 39578,R: 0.00,Posicion: 1898.39,Velocidad: 46,Voltaje: 2.00
Tiempo: 39650,R: 0.00,Posicion: 1901.69,Velocidad: 45,Voltaje: 2.00
Tiempo: 39722,R: 0.00,Posicion: 1904.99,Velocidad: 46,Voltaje: 2.00
Tiempo: 39793,R: 0.00,Posicion: 1908.29,Velocidad: 45,Voltaje: 2.00
Tiempo: 39865,R: 0.00,Posicion: 1911.59,Velocidad: 46,Voltaje: 2.00
Tiempo: 39937,R: 0.00,Posicion: 1914.89,Velocidad: 45,Voltaje: 2.00
Tiempo: 40009,R: 0.00,Posicion: 1918.19,Velocidad: 46,Voltaje: 2.00
Tiempo: 40080,R: 0.00,Posicion: 1921.50,Velocidad: 45,Voltaje: 2.00
Tiempo: 40152,R: 0.00,Posicion: 1924.80,Velocidad: 46,Voltaje: 2.00
Tiempo: 40224,R: 0.00,Posicion: 1928.09,Velocidad: 45,Voltaje: 2.00
Tiempo: 40296,R: 0.00,Posicion: 1931.40,Velocidad: 46,Voltaje: 2.00
Tiempo: 40367,R: 0.00,Posicion: 1934.70,Velocidad: 45,Voltaje: 2.00
Tiempo: 40439,R: 0.00,Posicion: 1938.00,Velocidad: 46,Voltaje: 2.00
Tiempo: 40511,R: 0.00,Posicion: 1941.30,Velocidad: 45,Voltaje: 2.00
Tiempo: 40583,R: 0.00,Posicion: 1944.60,Velocidad: 46,Voltaje: 2.00
Tiempo: 40654,R: 0.00,Posicion: 1947.90,Velocidad: 46,Voltaje: 2.00
Tiempo: 40726,R: 0.00,Posicion: 1951.21,Velocidad: 46,Voltaje: 2.00
Tiempo: 40798,R: 0.00,Posicion: 1954.50,Velocidad: 46,Voltaje: 2.00
Tiempo: 40870,R: 0.00,Posicion: 1957.81,Velocidad: 45,Voltaje: 2.00
Tiempo: 40941,R: 0.00,Posicion: 1961.11,Velocidad: 46,Voltaje: 2.00
Tiempo: 41013,R: 0.00,Posicion: 1964.41,Velocidad: 45,Voltaje: 2.00
Tiempo: 41085,R: 0.00,Posicion: 1967.71,Velocidad: 45,Voltaje: 2.00
Tiempo: 41157,R: 0.00,Posicion: 1971.01,Velocidad: 45,Voltaje: 2.00
Tiempo: 41228,R: 0.00,Posicion: 1974.31,Velocidad: 46,Voltaje: 2.00
Tiempo: 41300,R: 0.00,Posicion: 1977.61,Velocidad: 45,Voltaje: 2.00
Tiempo: 41372,R: 0.00,Posicion: 1980.91,Velocidad: 45,Voltaje: 2.00
Tiempo: 41444,R: 0.00,Posicion: 1984.21,Velocidad: 45,Voltaje: 2.00
Tiempo: 41516,R: 0.00,Posicion: 1987.51,Velocidad: 46,Voltaje: 2.00
Tiempo: 41587,R: 0.00,Posicion: 1990.81,Velocidad: 45,Voltaje: 2.00
Tiempo: 41659,R: 0.00,Posicion: 1994.12,Velocidad: 46,Voltaje: 2.00
Tiempo: 41731,R: 0.00,Posicion: 1997.41,Velocidad: 45,Voltaje: 2.00
Tiempo: 41803,R: 0.00,Posicion: 2000.72,Velocidad: 45,Voltaje: 2.00
Tiempo: 41874,R: 0.00,Posicion: 2004.02,Velocidad: 45,Voltaje: 2.00
Tiempo: 41946,R: 0.00,Posicion: 2007.32,Velocidad: 46,Voltaje: 2.00
Tiempo: 42018,R: 0.00,Posicion: 2010.62,Velocidad: 45,Voltaje: 2.00
Tiempo: 42090,R: 0.00,Posicion: 2013.93,Velocidad: 46,Voltaje: 2.00
Tiempo: 42161,R: 0.00,Posicion: 2017.22,Velocidad: 45,Voltaje: 2.00
Tiempo: 42233,R: 0.00,Posicion: 2020.53,Velocidad: 45,Voltaje: 2.00
Tiempo: 42305,R: 0.00,Posicion: 2023.83,Velocidad: 46,Voltaje: 2.00
Tiempo: 42377,R: 0.00,Posicion: 2027.13,Velocidad: 45,Voltaje: 2.00
Tiempo: 42448,R: 0.00,Posicion: 2030.43,Velocidad: 46,Voltaje: 2.00
Tiempo: 42520,R: 0.00,Posicion: 2033.73,Velocidad: 45,Voltaje: 2.00
Tiempo: 42592,R: 0.00,Posicion: 2037.03,Velocidad: 46,Voltaje: 2.00
Tiempo: 42664,R: 0.00,Posicion: 2040.34,Velocidad: 45,Voltaje: 2.00
Tiempo: 42735,R: 0.00,Posicion: 2043.64,Velocidad: 46,Voltaje: 2.00
Tiempo: 42807,R: 0.00,Posicion: 2046.94,Velocidad: 45,Voltaje: 2.00
Tiempo: 42879,R: 0.00,Posicion: 2050.24,Velocidad: 46,Voltaje: 2.00
Tiempo: 42951,R: 0.00,Posicion: 2053.54,Velocidad: 45,Voltaje: 2.00
Tiempo: 43022,R: 0.00,Posicion: 2056.84,Velocidad: 45,Voltaje: 2.00
Tiempo: 43094,R: 0.00,Posicion: 2060.14,Velocidad: 45,Voltaje: 2.00
Tiempo: 43166,R: 0.00,Posicion: 2063.44,Velocidad: 46,Voltaje: 2.00
Tiempo: 43238,R: 0.00,Posicion: 2066.74,Velocidad: 45,Voltaje: 2.00
Tiempo: 43310,R: 0.00,Posicion: 2070.04,Velocidad: 46,Voltaje: 2.00
Tiempo: 43381,R: 0.00,Posicion: 2073.34,Velocidad: 45,Voltaje: 2.00
Tiempo: 43453,R: 0.00,Posicion: 2076.64,Velocidad: 46,Voltaje: 2.00
Tiempo: 43525,R: 0.00,Posicion: 2079.94,Velocidad: 46,Voltaje: 2.00
Tiempo: 43597,R: 0.00,Posicion: 2083.25,Velocidad: 46,Voltaje: 2.00
Tiempo: 43668,R: 0.00,Posicion: 2086.55,Velocidad: 46,Voltaje: 2.00
Tiempo: 43740,R: 0.00,Posicion: 2089.85,Velocidad: 45,Voltaje: 2.00
Tiempo: 43812,R: 0.00,Posicion: 2093.15,Velocidad: 45,Voltaje: 2.00
Tiempo: 43884,R: 0.00,Posicion: 2096.45,Velocidad: 45,Voltaje: 2.00
Tiempo: 43955,R: 0.00,Posicion: 2099.75,Velocidad: 46,Voltaje: 2.00
Tiempo: 44027,R: 0.00,Posicion: 2103.05,Velocidad: 45,Voltaje: 2.00
Tiempo: 44099,R: 0.00,Posicion: 2106.35,Velocidad: 46,Voltaje: 2.00
Tiempo: 44171,R: 0.00,Posicion: 2109.65,Velocidad: 46,Voltaje: 2.00
Tiempo: 44242,R: 0.00,Posicion: 2112.95,Velocidad: 46,Voltaje: 2.00
Tiempo: 44314,R: 0.00,Posicion: 2116.25,Velocidad: 45,Voltaje: 2.00
Tiempo: 44386,R: 0.00,Posicion: 2119.55,Velocidad: 46,Voltaje: 2.00
Tiempo: 44458,R: 0.00,Posicion: 2122.85,Velocidad: 45,Voltaje: 2.00
Tiempo: 44529,R: 0.00,Posicion: 2126.16,Velocidad: 46,Voltaje: 2.00
Tiempo: 44601,R: 0.00,Posicion: 2129.45,Velocidad: 45,Voltaje: 2.00
Tiempo: 44673,R: 0.00,Posicion: 2132.76,Velocidad: 46,Voltaje: 2.00
Tiempo: 44745,R: 0.00,Posicion: 2136.06,Velocidad: 45,Voltaje: 2.00
Tiempo: 44816,R: 0.00,Posicion: 2139.36,Velocidad: 46,Voltaje: 2.00
Tiempo: 44888,R: 0.00,Posicion: 2142.66,Velocidad: 45,Voltaje: 2.00
Tiempo: 44960,R: 0.00,Posicion: 2145.97,Velocidad: 45,Voltaje: 2.00
Tiempo: 45032,R: 0.00,Posicion: 2149.26,Velocidad: 46,Voltaje: 2.00
Tiempo: 45104,R: 0.00,Posicion: 2152.57,Velocidad: 45,Voltaje: 2.00
Tiempo: 45175,R: 0.00,Posicion: 2155.87,Velocidad: 45,Voltaje: 2.00
Tiempo: 45247,R: 0.00,Posicion: 2159.17,Velocidad: 45,Voltaje: 2.00
Tiempo: 45319,R: 0.00,Posicion: 2162.47,Velocidad: 46,Voltaje: 2.00
Tiempo: 45391,R: 0.00,Posicion: 2165.77,Velocidad: 45,Voltaje: 2.00
Tiempo: 45462,R: 0.00,Posicion: 2169.07,Velocidad: 46,Voltaje: 2.00
Tiempo: 45534,R: 0.00,Posicion: 2172.37,Velocidad: 46,Voltaje: 2.00
Tiempo: 45606,R: 0.00,Posicion: 2175.67,Velocidad: 46,Voltaje: 2.00
Tiempo: 45678,R: 0.00,Posicion: 2178.98,Velocidad: 45,Voltaje: 2.00
Tiempo: 45749,R: 0.00,Posicion: 2182.28,Velocidad: 46,Voltaje: 2.00
Tiempo: 45821,R: 0.00,Posicion: 2185.58,Velocidad: 45,Voltaje: 2.00
Tiempo: 45893,R: 0.00,Posicion: 2188.88,Velocidad: 46,Voltaje: 2.00
Tiempo: 45965,R: 0.00,Posicion: 2192.18,Velocidad: 45,Voltaje: 2.00
Tiempo: 46036,R: 0.00,Posicion: 2195.48,Velocidad: 46,Voltaje: 2.00
Tiempo: 46108,R: 0.00,Posicion: 2198.78,Velocidad: 45,Voltaje: 2.00
Tiempo: 46180,R: 0.00,Posicion: 2202.08,Velocidad: 45,Voltaje: 2.00
Tiempo: 46252,R: 0.00,Posicion: 2205.38,Velocidad: 46,Voltaje: 2.00
Tiempo: 46323,R: 0.00,Posicion: 2208.69,Velocidad: 46,Voltaje: 2.00
Tiempo: 46395,R: 0.00,Posicion: 2211.98,Velocidad: 46,Voltaje: 2.00
Tiempo: 46467,R: 0.00,Posicion: 2215.29,Velocidad: 46,Voltaje: 2.00
Tiempo: 46539,R: 0.00,Posicion: 2218.58,Velocidad: 46,Voltaje: 2.00
Tiempo: 46610,R: 0.00,Posicion: 2221.89,Velocidad: 45,Voltaje: 2.00
Tiempo: 46682,R: 0.00,Posicion: 2225.19,Velocidad: 46,Voltaje: 2.00
Tiempo: 46754,R: 0.00,Posicion: 2228.49,Velocidad: 45,Voltaje: 2.00
Tiempo: 46826,R: 0.00,Posicion: 2231.79,Velocidad: 46,Voltaje: 2.00
Tiempo: 46898,R: 0.00,Posicion: 2235.09,Velocidad: 46,Voltaje: 2.00
Tiempo: 46969,R: 0.00,Posicion: 2238.39,Velocidad: 46,Voltaje: 2.00
Tiempo: 47041,R: 0.00,Posicion: 2241.69,Velocidad: 45,Voltaje: 2.00
Tiempo: 47113,R: 0.00,Posicion: 2244.99,Velocidad: 46,Voltaje: 2.00
Tiempo: 47185,R: 0.00,Posicion: 2248.29,Velocidad: 45,Voltaje: 2.00
Tiempo: 47256,R: 0.00,Posicion: 2251.60,Velocidad: 46,Voltaje: 2.00
Tiempo: 47328,R: 0.00,Posicion: 2254.89,Velocidad: 45,Voltaje: 2.00
Tiempo: 47400,R: 0.00,Posicion: 2258.20,Velocidad: 46,Voltaje: 2.00
Tiempo: 47472,R: 0.00,Posicion: 2261.50,Velocidad: 45,Voltaje: 2.00
Tiempo: 47543,R: 0.00,Posicion: 2264.80,Velocidad: 46,Voltaje: 2.00
Tiempo: 47615,R: 0.00,Posicion: 2268.10,Velocidad: 45,Voltaje: 2.00
Tiempo: 47687,R: 0.00,Posicion: 2271.41,Velocidad: 46,Voltaje: 2.00
Tiempo: 47759,R: 0.00,Posicion: 2274.70,Velocidad: 45,Voltaje: 2.00
Tiempo: 47830,R: 0.00,Posicion: 2278.01,Velocidad: 46,Voltaje: 2.00
Tiempo: 47902,R: 0.00,Posicion: 2281.30,Velocidad: 46,Voltaje: 2.00
Tiempo: 47974,R: 0.00,Posicion: 2284.61,Velocidad: 45,Voltaje: 2.00
Tiempo: 48046,R: 0.00,Posicion: 2287.90,Velocidad: 46,Voltaje: 2.00
Tiempo: 48117,R: 0.00,Posicion: 2291.21,Velocidad: 45,Voltaje: 2.00
Tiempo: 48189,R: 0.00,Posicion: 2294.51,Velocidad: 46,Voltaje: 2.00
Tiempo: 48261,R: 0.00,Posicion: 2297.81,Velocidad: 45,Voltaje: 2.00
Tiempo: 48333,R: 0.00,Posicion: 2301.11,Velocidad: 46,Voltaje: 2.00
Tiempo: 48404,R: 0.00,Posicion: 2304.41,Velocidad: 45,Voltaje: 2.00
Tiempo: 48476,R: 0.00,Posicion: 2307.71,Velocidad: 46,Voltaje: 2.00
Tiempo: 48548,R: 0.00,Posicion: 2311.01,Velocidad: 45,Voltaje: 2.00
Tiempo: 48620,R: 0.00,Posicion: 2314.31,Velocidad: 46,Voltaje: 2.00
Tiempo: 48692,R: 0.00,Posicion: 2317.61,Velocidad: 45,Voltaje: 2.00
Tiempo: 48763,R: 0.00,Posicion: 2320.92,Velocidad: 46,Voltaje: 2.00
Tiempo: 48835,R: 0.00,Posicion: 2324.21,Velocidad: 45,Voltaje: 2.00
Tiempo: 48907,R: 0.00,Posicion: 2327.52,Velocidad: 46,Voltaje: 2.00
Tiempo: 48979,R: 0.00,Posicion: 2330.82,Velocidad: 45,Voltaje: 2.00
Tiempo: 49050,R: 0.00,Posicion: 2334.12,Velocidad: 46,Voltaje: 2.00
Tiempo: 49122,R: 0.00,Posicion: 2337.42,Velocidad: 46,Voltaje: 2.00
Tiempo: 49194,R: 0.00,Posicion: 2340.73,Velocidad: 46,Voltaje: 2.00
Tiempo: 49266,R: 0.00,Posicion: 2344.02,Velocidad: 45,Voltaje: 2.00
Tiempo: 49337,R: 0.00,Posicion: 2347.33,Velocidad: 45,Voltaje: 2.00
Tiempo: 49409,R: 0.00,Posicion: 2350.62,Velocidad: 46,Voltaje: 2.00
Tiempo: 49481,R: 0.00,Posicion: 2353.93,Velocidad: 45,Voltaje: 2.00
Tiempo: 49553,R: 0.00,Posicion: 2357.23,Velocidad: 46,Voltaje: 2.00
Tiempo: 49624,R: 0.00,Posicion: 2360.53,Velocidad: 45,Voltaje: 2.00
Tiempo: 49696,R: 0.00,Posicion: 2363.83,Velocidad: 46,Voltaje: 2.00
Tiempo: 49768,R: 0.00,Posicion: 2367.13,Velocidad: 45,Voltaje: 2.00
Tiempo: 49840,R: 0.00,Posicion: 2370.43,Velocidad: 45,Voltaje: 2.00
Tiempo: 49911,R: 0.00,Posicion: 2373.73,Velocidad: 45,Voltaje: 2.00
Tiempo: 49983,R: 0.00,Posicion: 2377.04,Velocidad: 46,Voltaje: 2.00
Tiempo: 50055,R: 0.00,Posicion: 2380.33,Velocidad: 45,Voltaje: 2.00
Tiempo: 50127,R: 0.00,Posicion: 2383.64,Velocidad: 46,Voltaje: 2.00
Tiempo: 50198,R: 0.00,Posicion: 2386.94,Velocidad: 45,Voltaje: 2.00
Tiempo: 50270,R: 0.00,Posicion: 2390.24,Velocidad: 45,Voltaje: 2.00
Tiempo: 50342,R: 0.00,Posicion: 2393.54,Velocidad: 46,Voltaje: 2.00
Tiempo: 50414,R: 0.00,Posicion: 2396.84,Velocidad: 46,Voltaje: 2.00
Tiempo: 50486,R: 0.00,Posicion: 2400.14,Velocidad: 45,Voltaje: 2.00
Tiempo: 50557,R: 0.00,Posicion: 2403.44,Velocidad: 46,Voltaje: 2.00
Tiempo: 50629,R: 0.00,Posicion: 2406.74,Velocidad: 45,Voltaje: 2.00
Tiempo: 50701,R: 0.00,Posicion: 2410.04,Velocidad: 45,Voltaje: 2.00
Tiempo: 50773,R: 0.00,Posicion: 2413.34,Velocidad: 46,Voltaje: 2.00
Tiempo: 50844,R: 0.00,Posicion: 2416.64,Velocidad: 45,Voltaje: 2.00
Tiempo: 50916,R: 0.00,Posicion: 2419.94,Velocidad: 46,Voltaje: 2.00
Tiempo: 50988,R: 0.00,Posicion: 2423.24,Velocidad: 45,Voltaje: 2.00
Tiempo: 51060,R: 0.00,Posicion: 2426.54,Velocidad: 46,Voltaje: 2.00
Tiempo: 51131,R: 0.00,Posicion: 2429.84,Velocidad: 45,Voltaje: 2.00
Tiempo: 51203,R: 0.00,Posicion: 2433.14,Velocidad: 45,Voltaje: 2.00
Tiempo: 51275,R: 0.00,Posicion: 2436.44,Velocidad: 45,Voltaje: 2.00
Tiempo: 51347,R: 0.00,Posicion: 2439.74,Velocidad: 45,Voltaje: 2.00
Tiempo: 51418,R: 0.00,Posicion: 2443.05,Velocidad: 45,Voltaje: 2.00
Tiempo: 51490,R: 0.00,Posicion: 2446.35,Velocidad: 46,Voltaje: 2.00
Tiempo: 51562,R: 0.00,Posicion: 2449.64,Velocidad: 45,Voltaje: 2.00
Tiempo: 51634,R: 0.00,Posicion: 2452.95,Velocidad: 46,Voltaje: 2.00
Tiempo: 51705,R: 0.00,Posicion: 2456.25,Velocidad: 45,Voltaje: 2.00
Tiempo: 51777,R: 0.00,Posicion: 2459.55,Velocidad: 46,Voltaje: 2.00
Tiempo: 51849,R: 0.00,Posicion: 2462.85,Velocidad: 45,Voltaje: 2.00
Tiempo: 51921,R: 0.00,Posicion: 2466.15,Velocidad: 46,Voltaje: 2.00
Tiempo: 51992,R: 0.00,Posicion: 2469.45,Velocidad: 45,Voltaje: 2.00
Tiempo: 52064,R: 0.00,Posicion: 2472.75,Velocidad: 45,Voltaje: 2.00
Tiempo: 52136,R: 0.00,Posicion: 2476.05,Velocidad: 46,Voltaje: 2.00
Tiempo: 52208,R: 0.00,Posicion: 2479.35,Velocidad: 45,Voltaje: 2.00
Tiempo: 52280,R: 0.00,Posicion: 2482.65,Velocidad: 46,Voltaje: 2.00
Tiempo: 52351,R: 0.00,Posicion: 2485.95,Velocidad: 45,Voltaje: 2.00
Tiempo: 52423,R: 0.00,Posicion: 2489.25,Velocidad: 46,Voltaje: 2.00
Tiempo: 52495,R: 0.00,Posicion: 2492.56,Velocidad: 45,Voltaje: 2.00
Tiempo: 52567,R: 0.00,Posicion: 2495.85,Velocidad: 46,Voltaje: 2.00
Tiempo: 52638,R: 0.00,Posicion: 2499.16,Velocidad: 45,Voltaje: 2.00
Tiempo: 52710,R: 0.00,Posicion: 2502.45,Velocidad: 46,Voltaje: 2.00
Tiempo: 52782,R: 0.00,Posicion: 2505.75,Velocidad: 45,Voltaje: 2.00
Tiempo: 52854,R: 0.00,Posicion: 2509.06,Velocidad: 46,Voltaje: 2.00
